STAID,STANAME,CN,LAT,LON,HGHT,LAT_dec,LON_dec
30,SODANKYLA. LAPIN ILMATIET. TUTK.KESKUS,FI,+67:21:57,+026:37:59,179,67.36583333333333,26.633055555555558
75,XOSEDA-XARD,RU,+67:04:59,+059:22:59,82,67.08305555555555,59.38305555555556
78,KANDALAKSHA,RU,+67:09:00,+032:21:00,26,67.15,32.35
86,MURMANSK,RU,+68:58:00,+033:02:59,57,68.96666666666667,33.04972222222222
88,NAR'YAN-MAR,RU,+67:37:59,+053:01:59,10,67.63305555555554,53.033055555555556
178,BARKESTAD,NO,+68:49:00,+014:48:00,3,68.81666666666666,14.8
179,BJOERNOEYA,NO,+74:31:00,+019:01:00,16,74.51666666666667,19.016666666666666
185,SUOLOVUOPMI,NO,+69:35:17,+023:31:54,377,69.58805555555556,23.531666666666666
186,SVALBARD AIRPORT,NO,+78:15:00,+015:28:00,28,78.25,15.466666666666667
187,HOPEN,NO,+76:30:00,+025:04:00,6,76.5,25.066666666666666
188,GLOMFJORD,NO,+66:49:00,+013:58:59,39,66.81666666666666,13.983055555555556
189,JAN MAYEN,NO,+70:55:59,-008:40:00,10,70.93305555555555,-7.333333333333333
190,KARASJOK,NO,+69:28:00,+025:30:11,129,69.46666666666667,25.503055555555555
195,VARDOE,NO,+70:22:01,+031:05:04,14,70.36694444444444,31.084444444444443
266,BODOE VI,NO,+67:16:01,+014:21:32,11,67.26694444444445,14.358888888888888
298,ILULISSAT,GL,+69:13:12,-051:06:00,39,69.22,-50.9
300,ILULISSAT (JAKOBSHAVN),GL,+69:13:00,-051:03:00,39,69.21666666666667,-50.95
306,ILULISSAT MITTARFIK,GL,+69:13:59,-051:04:00,29,69.23305555555555,-50.93333333333333
328,TROMSO,NO,+69:39:14,+018:55:41,100,69.6538888888889,18.928055555555556
338,KVIKKJOKK-ARRENJARKA,SE,+66:53:15,+018:01:04,314,66.8875,18.017777777777777
734,MUONIO ALAMUONIO,FI,+67:58:05,+023:40:49,254,67.96805555555555,23.68027777777778
735,INARI IVALO LENTOASEMA,FI,+68:36:25,+027:25:05,147,68.60694444444444,27.418055555555558
942,KARASJOK-MARKANNJARGA,NO,+69:27:48,+025:30:07,131,69.46333333333334,25.501944444444444
955,SUOLOVUOPMI-LULIT,NO,+69:34:46,+023:32:03,381,69.57944444444443,23.534166666666668
1056,SKROVA FYR,NO,+68:09:01,+014:39:02,11,68.15027777777779,14.650555555555556
1057,BARDUFOSS,NO,+69:03:32,+018:32:25,76,69.05888888888889,18.540277777777778
1058,SIHCCAJAVRI,NO,+68:45:19,+023:32:18,382,68.75527777777778,23.538333333333334
1059,FRUHOLMEN FYR,NO,+71:05:35,+023:59:42,13,71.09305555555555,23.995
1060,RUSTEFJELBMA,NO,+70:24:01,+028:12:01,10,70.40027777777779,28.200277777777778
1067,BARENсBURG,RU,+78:04:00,+014:15:00,73,78.06666666666666,14.25
1068,TERIBERKA,RU,+69:12:00,+035:07:00,33,69.2,35.11666666666667
1069,PADUN,RU,+68:36:59,+031:48:00,34,68.61638888888888,31.8
1070,KOLA,RU,+68:52:47,+033:01:12,7,68.87972222222221,33.019999999999996
1071,PULOSERO,RU,+68:24:00,+033:17:59,143,68.4,33.29972222222222
1072,LOVOZERO,RU,+68:04:48,+034:48:59,161,68.08,34.81638888888889
1073,SVYATOJ NOS,RU,+68:09:00,+039:46:00,12,68.15,39.766666666666666
1074,KANIN NOS,RU,+68:39:00,+043:18:00,48,68.65,43.3
1075,MONCHEGORSK,RU,+68:00:00,+032:54:00,145,68.0,32.9
1076,KHIBINY,RU,+67:40:48,+033:15:00,130,67.68,33.25
1077,KRASNOSсEL'E,RU,+67:20:59,+037:03:00,155,67.34972222222221,37.05
1078,MYS_KONUSIN,RU,+67:12:00,+043:54:00,13,67.2,43.9
1079,SOJNA,RU,+67:54:00,+044:06:00,18,67.9,44.1
1080,MYS_MIKULKIN,RU,+67:48:00,+046:42:00,6,67.8,46.7
1081,INDIGA,RU,+67:40:59,+048:40:59,3,67.68305555555555,48.683055555555555
1082,KOVDA,RU,+66:40:48,+032:54:00,30,66.68,32.9
1084,UMBA,RU,+66:40:59,+034:21:00,39,66.68305555555555,34.35
1087,NIZHNAYA PESHA,RU,+66:45:00,+047:46:12,5,66.75,47.769999999999996
1409,KARESUANDO,SE,+68:26:31,+022:27:01,330,68.44194444444445,22.450277777777778
1411,PAJALA,SE,+67:12:35,+023:23:34,168,67.20972222222223,23.392777777777777
1429,JOKKMOKK,SE,+66:37:47,+019:38:24,254,66.62972222222221,19.64
1430,VITTANGI,SE,+67:40:48,+021:37:48,250,67.68,21.63
2215,ANDOYA,NO,+69:18:00,+016:08:59,14,69.3,16.149722222222223
2216,SLETTNES FYR,NO,+71:05:02,+028:13:04,8,71.08388888888888,28.217777777777776
2267,KEVO,FI,+69:45:00,+027:01:48,107,69.75,27.029999999999998
2269,PELLO KK MUSEOTIE,FI,+66:46:20,+023:58:01,84,66.77222222222223,23.966944444444444
2732,ALSVAG I VERSTERALEN II,NO,+68:54:52,+015:12:38,18,68.91444444444446,15.210555555555555
2733,BODOE - VAGONES,NO,+67:16:59,+014:28:00,33,67.28305555555555,14.466666666666667
2734,HEGGMOEN VED BODOE,NO,+67:21:20,+014:51:16,7,67.35555555555555,14.854444444444445
2736,LEKNES I LOFOTEN,NO,+68:08:26,+013:36:34,13,68.14055555555557,13.609444444444444
2739,STEIGEN,NO,+67:55:18,+015:07:01,35,67.92166666666667,15.116944444444444
2740,SULITJELMA,NO,+67:08:04,+016:04:15,142,67.13444444444445,16.070833333333333
2744,BONES I BARDU,NO,+68:38:44,+018:14:44,230,68.64555555555556,18.245555555555555
2745,DIVIDALEN,NO,+68:46:41,+019:42:36,228,68.77805555555555,19.71
2746,GAUSVIK,NO,+68:36:32,+016:29:40,7,68.60888888888888,16.494444444444447
2747,INNSET I BARDU,NO,+68:39:28,+018:49:09,314,68.65777777777778,18.819166666666668
2748,SAETERMOEN II,NO,+68:51:38,+018:20:15,114,68.86055555555555,18.3375
2749,STORSTEINNES I BALSFJORD,NO,+69:14:49,+019:13:51,27,69.24694444444445,19.230833333333333
2750,TORSVAG FYR,NO,+70:14:44,+019:30:02,21,70.24555555555555,19.500555555555554
2751,CUOVDDATMOHKKI,NO,+69:22:00,+024:25:59,286,69.36666666666666,24.43305555555556
2752,KAUTOKEINO,NO,+68:59:48,+023:02:00,307,68.99666666666667,23.033333333333335
2753,KAUTOKEINO II,NO,+69:01:00,+023:02:02,330,69.01666666666667,23.03388888888889
2754,MAKKAUR FYR,NO,+70:42:02,+030:04:05,9,70.70055555555555,30.068055555555556
2755,ISFJORD RADIO,NO,+78:04:00,+013:37:59,7,78.06666666666666,13.633055555555556
2756,SVEAGRUVA,NO,+77:52:59,+016:43:00,9,77.88305555555554,16.716666666666665
2942,DANMARKSHAVN,GL,+76:46:12,-018:40:12,12,76.77,-17.33
2959,MALY'E KARMAKULY',RU,+72:22:00,+052:42:00,18,72.36666666666666,52.7
3060,BELY'J OSTROV,RU,+73:19:59,+070:03:00,4,73.33305555555555,70.05
3062,MARRESALYA,RU,+69:43:00,+066:48:00,24,69.71666666666667,66.8
3063,VORKUTA,RU,+67:30:00,+064:00:00,172,67.5,64.0
3064,NOVY'J PORT,RU,+67:40:59,+072:52:59,11,67.68305555555555,72.88305555555554
3193,DIKSON,RU,+73:30:00,+080:24:00,42,73.5,80.4
3194,XATANGA,RU,+71:58:59,+102:28:00,31,71.98305555555555,102.46666666666667
3195,CHOKURDAX,RU,+70:37:00,+147:52:59,44,70.61666666666666,147.88305555555556
3196,OSTROV VRANGELYA,RU,+70:58:59,+181:31:00,2,70.98305555555555,181.51666666666668
3197,MY'S KAMENNY'J,RU,+68:28:00,+073:34:59,2,68.46666666666667,73.58305555555555
3203,OLENEK,RU,+68:30:00,+112:25:59,217,68.5,112.43305555555555
3204,VERXOYANSK,RU,+67:34:00,+133:24:00,136,67.56666666666666,133.4
3205,ZHIGANSK,RU,+66:46:00,+123:24:00,88,66.76666666666667,123.4
3216,MY'S SHMIDTA,RU,+68:54:00,+180:37:59,2,68.9,180.63305555555556
3539,PAJALA A,SE,+67:12:18,+023:23:43,171,67.205,23.39527777777778
3540,KATTERJAKK,SE,+68:25:18,+018:10:10,515,68.42166666666667,18.169444444444444
3773,RUDOLF ISLAND,RU,+81:48:00,+057:58:12,51,81.8,57.97
3775,KOTKINO,RU,+67:00:00,+051:12:00,18,67.0,51.2
5001,ALTA LUFTHAVN,NO,+69:58:39,+023:21:29,3,69.9775,23.358055555555556
5002,HAMMERFEST LUFTHAVN,NO,+70:40:50,+023:40:37,81,70.68055555555556,23.676944444444445
5003,HONNINGSVAG LUFTHAVN,NO,+71:00:38,+025:58:41,14,71.01055555555556,25.978055555555553
5004,MEHAMN LUFTHAVN,NO,+71:01:59,+027:49:46,13,71.03305555555555,27.829444444444444
5005,BERLEVAG LUFTHAVN,NO,+70:52:14,+029:02:04,13,70.87055555555555,29.034444444444446
5006,PORSA II,NO,+70:23:57,+023:37:32,38,70.39916666666667,23.625555555555557
5007,REPVAG,NO,+70:46:23,+025:36:57,3,70.77305555555556,25.615833333333335
5008,SIRBMA,NO,+70:01:08,+027:24:50,51,70.01888888888888,27.413888888888888
5009,VADSO LUFTHAVN,NO,+70:03:55,+029:50:07,39,70.06527777777778,29.835277777777776
5010,VEINES I NEIDEN,NO,+69:42:14,+029:15:07,44,69.7038888888889,29.251944444444444
5011,SKOGFOSS,NO,+69:22:23,+029:41:40,55,69.37305555555555,29.694444444444446
5059,BJORKASEN,NO,+68:19:49,+016:47:17,53,68.33027777777778,16.78805555555556
5060,EVENES LUFTHAVN,NO,+68:29:27,+016:40:59,26,68.49083333333333,16.68305555555556
5061,LONSDAL,NO,+66:44:35,+015:27:00,511,66.74305555555556,15.45
5062,KJERRINGOY - OS,NO,+67:32:18,+014:50:25,15,67.53833333333333,14.840277777777779
5063,KVITFOSSEN I VAGAN,NO,+68:19:13,+014:39:11,3,68.32027777777778,14.653055555555556
5064,KONGSMARKA,NO,+68:14:09,+014:28:26,29,68.23583333333333,14.473888888888888
5065,LEKNES LUFTHAVN,NO,+68:09:18,+013:36:54,26,68.155,13.615
5068,SUNDSFJORD,NO,+66:58:15,+014:09:15,11,66.97083333333333,14.154166666666667
5069,VALLJORD,NO,+67:21:38,+015:35:21,3,67.36055555555555,15.589166666666667
5070,NARVIK LUFTHAVN,NO,+68:26:22,+017:23:18,31,68.43944444444445,17.388333333333332
5071,SVOLVAER LUFTHAVN,NO,+68:14:43,+014:40:09,9,68.24527777777777,14.669166666666666
5072,REINE,NO,+67:55:54,+013:05:30,17,67.93166666666667,13.091666666666667
5073,STOKMARKNES LH - SKAGEN,NO,+68:34:48,+015:01:45,3,68.58,15.029166666666667
5139,NY-ALESUND I,NO,+78:55:30,+011:55:48,42,78.92500000000001,11.93
5140,NY-ALESUND,NO,+78:55:23,+011:55:59,8,78.92305555555556,11.933055555555555
5149,HEKKINGEN FYR,NO,+69:36:02,+017:50:14,14,69.60055555555554,17.83722222222222
5150,TROMSO - LANGNES,NO,+69:40:36,+018:54:47,8,69.67666666666668,18.913055555555555
5151,GRUNNFJORD - STAKKEN,NO,+70:00:50,+019:34:41,7,70.01388888888889,19.578055555555554
5152,SORKJOSEN LUFTHAVN,NO,+69:47:20,+020:57:19,6,69.78888888888889,20.955277777777777
5153,NORDSTRAUM I KVAENANGEN,NO,+69:50:00,+021:53:03,6,69.83333333333333,21.884166666666665
5821,VUOGGATJALME,SE,+66:34:48,+016:21:00,500,66.58,16.35
5822,YLINENJARVI_A,SE,+66:37:12,+023:28:12,132,66.61999999999999,23.47
5823,MIERKENIES,SE,+66:40:48,+016:06:36,614,66.68,16.110000000000003
5824,MIERKENIS_A,SE,+66:40:48,+016:06:36,614,66.68,16.110000000000003
5825,KARATS,SE,+66:41:24,+018:48:36,420,66.69,18.810000000000002
5826,MARKUSVINSA,SE,+66:43:48,+022:54:00,164,66.73,22.9
5827,SARKAVARA,SE,+66:44:23,+020:21:36,385,66.73972222222223,20.360000000000003
5828,NATTAVAARA_A,SE,+66:45:00,+020:55:48,327,66.75,20.93
5829,NATTAVAARA_BY,SE,+66:45:36,+021:03:00,350,66.76,21.05
5830,RANDIJAUR,SE,+66:45:36,+019:19:12,285,66.76,19.32
5831,NATTAVARA,SE,+66:46:12,+020:58:12,330,66.77,20.97
5832,PAHAROVA_A,SE,+66:48:36,+022:20:24,228,66.81,22.34
5833,KORPILOMBOLO_M,SE,+66:50:59,+023:03:36,178,66.84972222222221,23.060000000000002
5834,KVIKKJOKK-ARRENJARKA,SE,+66:57:35,+017:43:48,314,66.95972222222223,17.729999999999997
5835,KVIKKJOKK-ARRENJARKA A,SE,+66:53:24,+018:01:12,320,66.89,18.02
5836,KOMPELUSVAARA,SE,+67:05:24,+022:13:12,255,67.08999999999999,22.22
5837,ALLOLUOKTA,SE,+67:07:47,+019:30:00,370,67.12972222222221,19.5
5838,GALLIVARE_FLYGPLATS,SE,+67:08:24,+020:48:36,312,67.14,20.810000000000002
5839,GALLIVARE_A,SE,+67:08:24,+020:39:00,359,67.14,20.65
5840,GALLIVARE,SE,+67:08:24,+020:39:36,400,67.14,20.66
5841,AKTSE,SE,+67:09:00,+018:18:36,530,67.15,18.310000000000002
5842,MALMBERGET,SE,+67:10:12,+020:40:12,400,67.17,20.67
5843,LATNIVAARA_A,SE,+67:15:36,+020:16:12,453,67.26,20.27
5844,ALUOKTA,SE,+67:18:36,+018:54:00,385,67.31,18.9
5845,SAITTAROVA_A,SE,+67:20:24,+022:13:48,240,67.33999999999999,22.229999999999997
5846,SALTOLUOKTA,SE,+67:22:47,+018:33:00,393,67.37972222222221,18.55
5847,BJORKUDDEN,SE,+67:24:00,+018:43:12,376,67.4,18.72
5848,STORA_SJOFALLET_A,SE,+67:30:00,+018:17:24,425,67.5,18.290000000000003
5849,SATIS,SE,+67:30:00,+018:23:24,425,67.5,18.39
5850,SVAPPAVAARA,SE,+67:39:00,+021:03:00,345,67.65,21.05
5851,RITSEM,SE,+67:43:48,+017:28:11,521,67.73,17.46972222222222
5852,RITSEM_A,SE,+67:43:48,+017:28:11,532,67.73,17.46972222222222
5853,PARKALOMPOLO_A,SE,+67:43:48,+022:49:48,312,67.73,22.83
5854,LAINIO,SE,+67:45:36,+022:21:00,315,67.76,22.35
5855,KIRUNA_FLYGPLATS,SE,+67:49:48,+020:20:24,459,67.83,20.34
5856,NIKKALUOKTA,SE,+67:50:59,+019:01:12,470,67.84972222222221,19.02
5857,KIRUNA 1,SE,+67:50:59,+020:13:48,505,67.84972222222221,20.229999999999997
5858,NIKKALUOKTA_A,SE,+67:50:59,+019:01:48,466,67.84972222222221,19.029999999999998
5859,ESRANGE,SE,+67:53:24,+021:04:12,335,67.89,21.07
5860,TARFALA_A,SE,+67:54:36,+018:36:36,1150,67.91000000000001,18.610000000000003
5861,MUODOSLOMPOLO,SE,+67:56:24,+023:26:24,240,67.94,23.44
5862,NEDRE_SOPPERO_V,SE,+68:03:00,+021:46:12,355,68.05,21.77
5863,LANNAVAARA,SE,+68:03:00,+021:58:48,630,68.05,21.979999999999997
5864,RENSJON_A,SE,+68:04:11,+019:50:24,493,68.06972222222223,19.84
5865,TORNETRASK,SE,+68:13:12,+019:42:36,393,68.22,19.71
5866,KATTUVUOMA,SE,+68:16:48,+019:54:00,355,68.28,19.9
5867,ABISKO_AUT,SE,+68:21:36,+018:49:12,388,68.36,18.82
5868,ABISKO,SE,+68:21:36,+018:49:12,388,68.36,18.82
5869,KATTERJAKK_A,SE,+68:25:12,+018:10:12,516,68.42,18.17
5870,RIKSGRANSEN,SE,+68:25:48,+018:07:48,508,68.43,18.13
5871,VASSIJAURE,SE,+68:25:48,+018:16:48,537,68.43,18.279999999999998
5872,TORNEHAMN,SE,+68:25:48,+018:37:48,512,68.43,18.63
5873,KARESUANDO_A,SE,+68:26:24,+022:27:00,330,68.44,22.45
5874,NAIMAKKA_A,SE,+68:40:48,+021:31:48,402,68.68,21.529999999999998
5875,NAIMAKKA,SE,+68:40:48,+021:31:48,403,68.68,21.529999999999998
6859,RUOKOJARVI,SE,+66:37:12,+023:18:00,170,66.61999999999999,23.3
6860,SVANSTEIN,SE,+66:39:00,+023:51:36,80,66.65,23.860000000000003
6861,JOCK,SE,+66:39:36,+022:43:12,105,66.66000000000001,22.72
6862,LANSJARV,SE,+66:39:36,+022:11:24,90,66.66000000000001,22.19
6863,SARKAVARE,SE,+66:44:23,+020:21:36,377,66.73972222222223,20.360000000000003
6865,ANGESA,SE,+66:45:00,+022:18:00,100,66.75,22.3
6866,SKROVEN,SE,+66:46:48,+021:50:24,150,66.78,21.84
6867,STORBERGET,SE,+66:46:12,+021:46:12,330,66.77,21.77
6868,NATTAVAARA-VARSJO,SE,+66:46:48,+020:34:48,410,66.78,20.58
6870,PAHAROVA,SE,+66:48:36,+022:20:24,215,66.81,22.34
6871,KENTTASAARI_D,SE,+66:49:11,+022:53:24,135,66.81972222222223,22.89
6872,KORPILOMBOLO,SE,+66:50:59,+023:04:12,165,66.84972222222221,23.07
6874,NAUTIJAUR,SE,+66:54:00,+019:14:24,355,66.9,19.240000000000002
6875,TJAMOTIS,SE,+66:55:12,+018:32:24,300,66.92,18.540000000000003
6876,HAKKAS,SE,+66:55:12,+021:33:36,355,66.92,21.560000000000002
6877,JARHOIS,SE,+66:57:35,+023:49:48,110,66.95972222222223,23.83
6878,PORJUS,SE,+66:57:35,+019:49:12,390,66.95972222222223,19.82
6879,SADJEM_D,SE,+66:57:35,+021:13:48,355,66.95972222222223,21.229999999999997
6880,PORJUS2,SE,+66:58:48,+019:50:24,430,66.98,19.84
6881,HARRTRASK,SE,+67:01:48,+020:42:00,410,67.03,20.7
6882,METTA-DOKKAS,SE,+67:04:11,+021:17:24,270,67.06972222222223,21.290000000000003
6883,GRANHULT_D,SE,+67:07:47,+021:48:00,275,67.12972222222221,21.8
6885,TARENDO,SE,+67:10:48,+022:39:00,165,67.18,22.65
6886,NILIVAARA,SE,+67:13:48,+021:36:36,320,67.23,21.610000000000003
6887,LADNIVAARA,SE,+67:15:36,+020:16:48,460,67.26,20.279999999999998
6888,ALLAVAARA,SE,+67:15:36,+020:07:12,480,67.26,20.12
6890,SAITTAROVA_D,SE,+67:19:48,+022:14:24,240,67.33,22.240000000000002
6891,KAUNISVAARA,SE,+67:21:36,+023:19:12,180,67.36,23.32
6892,MOSKOJARVI,SE,+67:22:12,+021:04:48,390,67.36999999999999,21.08
6893,STALOLUOKTA,SE,+67:24:36,+016:25:12,600,67.41000000000001,16.42
6894,SKAULO,SE,+67:25:12,+021:07:12,390,67.42,21.12
6895,KANGOS,SE,+67:30:00,+022:39:36,230,67.5,22.66
6896,PARAKKA,SE,+67:29:23,+021:40:12,340,67.48972222222223,21.67
6897,KILLINGI,SE,+67:31:12,+020:14:24,490,67.52,20.240000000000002
6898,KAITUM,SE,+67:31:48,+020:07:12,485,67.53,20.12
6899,KERANTOJARVI,SE,+67:38:24,+022:55:12,315,67.64,22.92
6900,PARKALOMPOLO,SE,+67:43:48,+022:49:48,310,67.73,22.83
6901,PARKAJOKI,SE,+67:43:48,+023:29:24,200,67.73,23.490000000000002
6903,PUOLTSA,SE,+67:48:00,+019:51:36,465,67.8,19.860000000000003
6904,KIRUNA,SE,+67:50:59,+020:15:00,500,67.84972222222221,20.25
6907,SORFJORD_KRV,SE,+68:03:36,+016:35:24,0,68.06,16.59
6908,OVRE_SOPPERO,SE,+68:05:24,+021:42:00,365,68.08999999999999,21.7
6910,KATKESUANDO,SE,+68:07:12,+023:19:48,250,68.11999999999999,23.33
6911,BERGFORS,SE,+68:09:00,+019:48:00,480,68.15,19.8
6912,SUDDJAVAARA,SE,+68:12:00,+022:45:36,350,68.2,22.76
6913,SKJOMEN_SLETTJORD,SE,+68:17:24,+017:18:35,0,68.28999999999999,17.309722222222224
6914,BJORKLIDEN,SE,+68:22:47,+018:40:48,360,68.37972222222221,18.68
6917,SAARIKOSKI_D,SE,+68:48:36,+021:15:00,450,68.81,21.25
6918,KEINOVUOPIO_D,SE,+68:52:12,+021:01:48,460,68.86999999999999,21.029999999999998
6919,KUMMAVUOPIO,SE,+68:54:36,+020:52:12,465,68.91000000000001,20.87
6935,KIRUNA_SOL,SE,+67:49:48,+020:25:48,408,67.83,20.43
6936,TARFALA_SOL,SE,+67:54:36,+018:36:36,1150,67.91000000000001,18.610000000000003
7779,KOLARI TEURAVUOMA,FI,+67:16:44,+023:46:18,148,67.27888888888889,23.771666666666665
7780,PELLO TURTOLANKYLA,FI,+66:34:59,+023:54:00,70,66.58305555555555,23.9
7781,KOLARI KELLONIEMI,FI,+67:13:59,+023:34:59,125,67.23305555555555,23.583055555555557
7782,KOLARI RAUTUVAARA,FI,+67:28:59,+023:54:00,213,67.48305555555555,23.9
7783,KOLARI TULLI,FI,+67:18:00,+023:45:00,146,67.3,23.75
7785,PELLO KONTTAJARVI,FI,+66:50:26,+024:23:03,135,66.84055555555555,24.384166666666665
7786,PELLO RUUHIJARVI,FI,+66:50:59,+024:40:00,180,66.84972222222221,24.666666666666668
7787,KITTILA ALAKYLA-1,FI,+67:16:59,+024:52:59,170,67.28305555555555,24.883055555555558
7788,KOLARI KATTILAMAA,FI,+67:23:02,+024:00:57,171,67.38388888888889,24.015833333333333
7789,KITTILA KAUKONEN,FI,+67:28:00,+024:55:00,182,67.46666666666667,24.916666666666668
7790,KOLARI VENEJARVI,FI,+67:16:59,+024:12:00,201,67.28305555555555,24.2
7791,KITTILA ALAKYLA,FI,+67:15:42,+024:58:12,192,67.26166666666667,24.97
7792,ROVANIEMEN MLK MELTAUS,FI,+66:55:00,+025:15:00,180,66.91666666666667,25.25
7793,ROVANIEMI LEHTOJARVI,FI,+66:36:39,+025:22:35,110,66.61083333333333,25.37638888888889
7795,ROVANIEMEN MLK MARRASJARVI,FI,+66:52:59,+025:10:59,136,66.88305555555554,25.18305555555556
7796,ROVANIEMI MLK. MARRASJARVI,FI,+66:54:00,+025:04:00,121,66.9,25.066666666666666
7800,ROVANIEMI AUTOSYNOP,FI,+66:34:30,+025:50:30,195,66.575,25.841666666666665
7801,ROVANIEMI APUKKA,FI,+66:34:44,+026:00:54,106,66.57888888888888,26.015
7802,SODANKYLA LISMA-AAPA,FI,+67:15:00,+026:34:59,210,67.25,26.583055555555557
7803,ROVANIEMI MISI,FI,+66:37:28,+026:41:08,170,66.62444444444444,26.685555555555556
7804,SODANKYLA RAUDANJOKI,FI,+67:01:00,+026:25:59,190,67.01666666666667,26.43305555555556
7805,SODANKYLA LISMA-AAPA KANSAKOULU,FI,+67:15:00,+026:33:00,210,67.25,26.55
7806,SODANKYLA LISMA-AAPA JUPPURA,FI,+67:16:00,+026:31:59,220,67.26666666666667,26.533055555555556
7809,SODANKYLA AWS,FI,+67:22:04,+026:37:58,179,67.36777777777777,26.63277777777778
7812,KEMIJARVI RYTI-LEHTOLA,FI,+66:34:00,+027:42:00,160,66.56666666666666,27.7
7813,PELKOSENNIEMI KIRKONKYLA,FI,+67:05:58,+027:30:50,155,67.09944444444444,27.51388888888889
7814,KEMIJARVI HALOSENRANTA,FI,+66:40:00,+027:30:00,171,66.66666666666667,27.5
7816,KEMIJARVI LENTOKENTTA,FI,+66:42:55,+027:09:51,208,66.71527777777779,27.164166666666667
7817,SALLA KK,FI,+66:49:15,+028:40:39,221,66.82083333333333,28.677500000000002
7818,SAVUKOSKI KK,FI,+67:17:07,+028:10:48,180,67.28527777777778,28.18
7819,SALLA KURSU,FI,+66:46:00,+028:09:00,170,66.76666666666667,28.15
7820,SALLA SALMIVAARA LUMIMAA,FI,+66:46:59,+028:16:00,265,66.78305555555555,28.266666666666666
7821,SALLA SALMIVAARA LAKIJANKA,FI,+66:48:42,+028:17:44,260,66.81166666666667,28.295555555555556
7822,SALLA KELLOSELKA,FI,+66:56:43,+028:58:46,197,66.94527777777778,28.979444444444443
7823,SAVUKOSKI VARRIO,FI,+67:28:05,+027:59:44,220,67.46805555555555,27.995555555555555
7824,PELKOSENNIEMI PYHATUNTURI,FI,+67:01:17,+027:13:19,486,67.0213888888889,27.221944444444443
7825,SALLA KK MYLLYTIE,FI,+66:49:59,+028:40:41,215,66.83305555555555,28.678055555555556
7830,SALLA NARUSKA-1,FI,+67:12:54,+029:14:27,222,67.215,29.240833333333335
7831,SALLA NARUSKAJARVI,FI,+67:22:00,+029:22:00,261,67.36666666666666,29.366666666666667
7832,SALLA NARUSKA,FI,+67:09:44,+029:10:53,213,67.16222222222223,29.18138888888889
7833,ENONTEKIO KARESUVANTO,FI,+68:27:01,+022:29:53,320,68.45027777777779,22.498055555555556
7834,MUONIO TAPOJARVI,FI,+67:31:59,+023:40:59,178,67.53305555555555,23.68305555555556
7835,ENONTEKIO HETTA,FI,+68:23:08,+023:35:31,290,68.38555555555556,23.591944444444444
7837,ENONTEKIO HETTA LENTOASEMA,FI,+68:21:42,+023:25:54,306,68.36166666666666,23.43166666666667
7838,KITTILA HUKKAKUMPU,FI,+67:43:00,+024:51:00,197,67.71666666666667,24.85
7839,KITTILA PALLASJARVI-1,FI,+68:01:00,+024:10:00,290,68.01666666666667,24.166666666666668
7840,KITTILA PULJU,FI,+68:13:46,+024:50:30,279,68.22944444444444,24.841666666666665
7841,KITTILA LEVITUNTURI,FI,+67:47:03,+024:51:25,524,67.78416666666666,24.856944444444444
7842,MUONIO LAUKUKERO,FI,+68:03:42,+024:02:13,755,68.06166666666667,24.036944444444448
7843,MUONIO SAMMALTUNTURI,FI,+67:58:22,+024:07:13,565,67.97277777777778,24.12027777777778
7844,KITTILA PALLASJARVI,FI,+68:01:00,+024:10:00,303,68.01666666666667,24.166666666666668
7845,KITTILA MATOROVA,FI,+67:59:57,+024:14:39,340,67.99916666666667,24.24416666666667
7846,KITTILA LENTOASEMA,FI,+67:41:44,+024:51:45,196,67.69555555555556,24.8625
7847,KITTILA KENTTAROVA,FI,+67:59:27,+024:14:36,347,67.99083333333333,24.243333333333336
7848,KITTILA KK,FI,+67:39:06,+024:54:20,181,67.65166666666667,24.905555555555555
7849,KITTILA KIISTALA,FI,+67:52:00,+025:19:59,207,67.86666666666666,25.333055555555557
7850,KITTILA POKKA,FI,+68:10:09,+025:47:12,275,68.16916666666667,25.78666666666667
7851,KITTILA TEPSA,FI,+67:33:38,+025:41:30,205,67.56055555555555,25.691666666666666
7852,INARI IVALONMATTI,FI,+68:22:00,+025:55:00,262,68.36666666666666,25.916666666666668
7853,SODANKYLA MADETKOSKI-1,FI,+67:48:00,+026:46:59,210,67.8,26.783055555555556
7854,SODANKYLA MADETKOSKI,FI,+67:55:44,+026:46:27,231,67.92888888888889,26.774166666666666
7855,INARI KUTTURA,FI,+68:24:00,+026:28:00,232,68.4,26.466666666666665
7856,SODANKYLA LOKKA,FI,+67:49:14,+027:45:01,240,67.82055555555556,27.75027777777778
7857,SODANKYLA VUOTSO,FI,+68:05:02,+027:11:22,247,68.08388888888888,27.189444444444444
7858,INARI LAANILA,FI,+68:24:00,+027:22:59,285,68.4,27.383055555555558
7859,SODANKYLA VUOTSO VIRASTOTALO,FI,+68:06:03,+027:07:24,246,68.10083333333333,27.123333333333335
7860,INARI KIILOPAA,FI,+68:21:59,+027:27:00,326,68.36638888888888,27.45
7861,INARI SAARISELKA MATKAILUKESKUS,FI,+68:24:51,+027:25:03,302,68.41416666666667,27.4175
7862,INARI SAARISELKA KAUNISPAA,FI,+68:25:55,+027:26:56,430,68.43194444444445,27.448888888888888
7863,SAVUKOSKI RUUVAOJA,FI,+67:39:20,+028:42:47,209,67.65555555555557,28.713055555555556
7864,INARI RAJA-JOOSEPPI AKUJARVI,FI,+68:28:18,+028:19:27,185,68.47166666666666,28.324166666666667
7865,INARI RAJAJOOSEPPI,FI,+68:28:39,+028:18:19,253,68.4775,28.30527777777778
7866,SALLA TUNTSA,FI,+67:34:00,+029:46:59,280,67.56666666666666,29.783055555555556
7867,SAVUKOSKI KEMIHAARA RJV,FI,+67:58:00,+029:00:00,230,67.96666666666667,29.0
7868,SALLA VARRIOTUNTURI,FI,+67:44:51,+029:36:54,370,67.7475,29.615000000000002
7869,SAVUKOSKI AINIJARVI,FI,+67:46:00,+029:27:00,273,67.76666666666667,29.45
7870,ENONTEKIO KILPISJARVI,FI,+69:03:00,+020:48:00,483,69.05,20.8
7871,ENONTEKIO KELOTTIJARVI IITTO,FI,+68:45:00,+021:25:00,415,68.75,21.416666666666668
7872,ENONTEKIO KILPISJARVI KYLAKESKUS,FI,+69:02:54,+020:47:44,480,69.04833333333333,20.795555555555556
7873,ENONTEKIO KILPISJARVI SAANA,FI,+69:02:31,+020:51:28,1007,69.04194444444444,20.85777777777778
7874,ENONTEKIO KELOTTIJARVI MUNNIKURKKIO,FI,+68:58:00,+022:07:59,465,68.96666666666667,22.133055555555558
7875,ENONTEKIO NAKKALA,FI,+68:36:09,+023:34:49,370,68.60249999999999,23.580277777777777
7876,ENONTEKIO PALOJARVI,FI,+68:34:15,+023:20:21,356,68.57083333333333,23.339166666666664
7877,ENONTEKIO KALMANKALTIO,FI,+68:30:00,+024:43:59,330,68.5,24.733055555555556
7878,UTSJOKI OUTAKOSKI,FI,+69:34:59,+025:58:00,122,69.58305555555555,25.966666666666665
7879,INARI ANGELI,FI,+68:54:33,+025:39:59,203,68.90916666666668,25.66638888888889
7880,UTSJOKI KARIGASNIEMI,FI,+69:25:54,+025:49:10,148,69.43166666666667,25.819444444444443
7881,INARI ANGELI LINTUPUOLISELKA,FI,+68:54:09,+025:44:26,285,68.9025,25.740555555555556
7882,INARI PAADAR,FI,+68:46:00,+026:13:59,200,68.76666666666667,26.233055555555556
7883,INARI RIUTULA,FI,+68:55:59,+026:49:00,148,68.93305555555555,26.816666666666666
7884,INARI SOLOJARVI,FI,+68:52:00,+026:49:59,145,68.86666666666666,26.833055555555557
7886,INARI TOIVONIEMI,FI,+69:04:01,+027:07:22,152,69.06694444444445,27.122777777777777
7887,UTSJOKI KEVO-1,FI,+69:45:20,+027:00:43,107,69.75555555555556,27.011944444444445
7888,UTSJOKI NUORGAM,FI,+70:04:53,+027:54:02,22,70.08138888888888,27.900555555555552
7889,INARI IVALO,FI,+68:40:10,+027:34:15,123,68.66944444444445,27.570833333333333
7890,INARI PARTAKKO,FI,+69:10:59,+027:55:00,120,69.18305555555555,27.916666666666668
7891,INARI PIKKU-SAYTSJARVI,FI,+69:24:00,+027:16:00,228,69.4,27.266666666666666
7892,UTSJOKI LEPPALA,FI,+69:39:47,+027:04:41,110,69.66305555555556,27.078055555555554
7893,INARI VAYLA,FI,+69:04:17,+027:29:47,122,69.07138888888889,27.49638888888889
7895,IVALO LENTOASEMA,FI,+68:36:29,+027:25:59,144,68.60805555555555,27.43305555555556
7896,UTSJOKI KEVO,FI,+69:45:20,+027:00:43,107,69.75555555555556,27.011944444444445
7897,INARI KIRKONKYLA,FI,+68:54:19,+027:01:05,128,68.90527777777778,27.018055555555556
7898,INARI KAAMANEN,FI,+69:08:25,+027:16:12,156,69.14027777777778,27.27
7899,INARI SEITALAASSA,FI,+69:02:52,+027:45:39,120,69.04777777777778,27.760833333333334
7900,UTSJOKI KEVO KEVOJARVI,FI,+69:45:24,+027:00:54,76,69.75666666666666,27.015
7901,INARI NELLIM-1,FI,+68:50:54,+028:18:11,120,68.84833333333333,28.303055555555556
7902,INARI SEVETTIJARVI-1,FI,+69:33:00,+028:37:59,96,69.55,28.633055555555558
7903,INARI SEVETTIJARVI,FI,+69:30:26,+028:35:51,100,69.50722222222223,28.5975
7904,INARI NELLIM,FI,+68:50:56,+028:18:14,123,68.84888888888888,28.30388888888889
7905,INARI KIRAKKAJARVI SANILANLAMPI,FI,+69:34:32,+028:50:51,130,69.57555555555555,28.8475
7907,INARI KIRAKKAJARVI,FI,+69:34:54,+028:53:57,103,69.58166666666666,28.899166666666666
7908,INARI NAATAMO,FI,+69:40:09,+029:05:48,85,69.66916666666667,29.096666666666664
7962,DUNDAS,GL,+76:34:00,-068:48:00,21,76.56666666666666,-67.2
7963,QAANAAQ,GL,+77:28:00,-069:13:00,16,77.46666666666667,-68.78333333333333
7964,PITUFFIK,GL,+76:31:59,-068:45:00,77,76.53305555555555,-67.25
7965,KITSISSUT,GL,+76:37:59,-073:00:00,11,76.63305555555554,-73.0
7966,MITT. QAANAAQ,GL,+77:28:59,-069:22:59,16,77.48305555555555,-68.61694444444446
7967,HALL LAND,GL,+81:40:59,-059:57:00,105,81.68305555555555,-58.05
7968,KITSISSORSUIT,GL,+74:01:59,-057:49:00,40,74.03305555555555,-56.18333333333333
7969,UPERNAVIK AWS,GL,+72:46:59,-056:10:00,63,72.78305555555555,-55.833333333333336
7970,UPERNAVIK,GL,+72:46:59,-056:10:00,120,72.78305555555555,-55.833333333333336
7971,MITT. UPERNAVIK,GL,+72:46:59,-056:07:59,126,72.78305555555555,-55.86694444444444
7972,UUMMANNAQ HELI.,GL,+70:40:59,-052:07:00,2,70.68305555555555,-51.88333333333333
7973,MITT. QAARSUT,GL,+70:43:59,-052:42:00,88,70.73305555555555,-51.3
7974,QULLITSAT,GL,+70:03:00,-052:51:00,2,70.05,-51.15
7975,NUUSSUAQ,GL,+70:40:59,-054:37:00,27,70.68305555555555,-53.38333333333333
7976,QASIGIANNGUIT HELI.,GL,+68:49:00,-051:10:00,24,68.81666666666666,-50.833333333333336
7977,QEQERTARSUAQ,GL,+69:13:59,-053:31:00,24,69.23305555555555,-52.483333333333334
7978,QEQERTARSUAQ HELI.,GL,+69:15:00,-053:31:59,11,69.25,-52.466944444444444
7979,AASIAAT,GL,+68:42:00,-052:45:00,43,68.7,-51.25
7980,MITT. AASIAAT,GL,+68:43:00,-052:46:59,23,68.71666666666667,-51.216944444444444
7981,KITSISSUT/ATTU,GL,+67:46:59,-053:58:00,12,67.78305555555555,-52.03333333333333
7982,SISIMIUT,GL,+66:55:00,-053:40:00,12,66.91666666666667,-52.333333333333336
7983,KANGERLUSSUAQ,GL,+67:01:00,-050:42:00,50,67.01666666666667,-49.3
7984,MITT. SISIMIUT,GL,+66:57:00,-053:43:00,10,66.95,-52.28333333333333
7985,DYE 1,GL,+66:37:59,-052:52:00,1439,66.63305555555554,-51.13333333333333
8013,KAP MORRIS JESUP,GL,+83:39:00,-033:22:00,4,83.65,-32.63333333333333
8014,KAP HARALD MOLTKE,GL,+82:09:00,-029:55:00,4,82.15,-28.083333333333332
8015,STATION NORD,GL,+81:36:00,-016:38:59,36,81.6,-15.350277777777778
8016,STATION NORD AWS,GL,+81:36:00,-016:40:00,34,81.6,-15.333333333333334
8017,HENRIK KROYER HOLME,GL,+80:39:00,-013:43:00,10,80.65,-12.283333333333333
8018,DANEBORG,GL,+74:18:00,-020:13:00,44,74.3,-19.783333333333335
8019,MESTERSVIG,GL,+72:15:00,-023:54:00,16,72.25,-22.1
8020,ITTOQQORTOORMIIT,GL,+70:28:59,-021:57:00,70,70.48305555555555,-20.05
8021,UUNARTEQ,GL,+70:25:00,-021:58:00,41,70.41666666666667,-20.033333333333335
8022,MITT. NERLERIT INAAT,GL,+70:45:00,-022:39:00,13,70.75,-21.35
8023,JAMESON LAND,GL,+71:10:59,-023:37:00,261,71.18305555555555,-22.383333333333333
8024,APUTITEEQ,GL,+67:46:59,-032:17:59,13,67.78305555555555,-31.700277777777774
8033,RENLAND,GL,+71:30:00,-026:31:59,2320,71.5,-25.466944444444444
8034,SUMMIT-1,GL,+72:34:59,-037:37:59,3250,72.58305555555555,-36.36694444444444
8035,SUMMIT-2,GL,+72:34:59,-038:27:00,3202,72.58305555555555,-37.55
8039,VIZE,RU,+79:30:00,+076:58:59,10,79.5,76.98305555555555
8040,GOLOMYANNY'J,RU,+79:33:00,+090:37:00,7,79.55,90.61666666666666
8041,RUSSKIJ,RU,+77:10:00,+096:25:59,9,77.16666666666667,96.43305555555555
8044,STERLEGOVA,RU,+75:25:00,+088:54:00,10,75.41666666666667,88.9
8045,IM. E.K.FEDOROVA,RU,+70:27:00,+059:04:59,13,70.45,59.08305555555556
8046,VOLOCHANKA,RU,+70:58:00,+094:30:00,37,70.96666666666667,94.5
8048,KOTEL'NY'J,RU,+76:00:00,+137:52:00,12,76.0,137.86666666666667
8049,TERPYAJ-TUMSA,RU,+73:33:00,+118:40:00,12,73.55,118.66666666666667
8050,SHALAUROVA,RU,+73:10:59,+143:13:59,21,73.18305555555555,143.23305555555555
8051,SASKY'LAX,RU,+71:58:00,+114:04:59,16,71.96666666666667,114.08305555555555
8052,TIKSI,RU,+71:34:59,+128:55:00,6,71.58305555555555,128.91666666666666
8054,KYUSYUR,RU,+70:40:59,+127:24:00,30,70.68305555555555,127.4
8055,YUBILEJNAYA,RU,+70:46:00,+136:13:00,23,70.76666666666667,136.21666666666667
8056,VAJDA GUBA,RU,+69:55:59,+031:58:59,8,69.93305555555555,31.983055555555556
8057,POLYARNOE,RU,+69:12:00,+033:28:59,32,69.2,33.48305555555556
8058,KOLGUEV SEVERNY'J,RU,+69:31:59,+049:04:59,23,69.53305555555555,49.08305555555556
8059,YANISKOSKI,RU,+68:58:00,+028:46:59,99,68.96666666666667,28.783055555555556
8060,KOVDOR,RU,+67:34:00,+030:27:00,246,67.56666666666666,30.45
8061,KANEVKA,RU,+67:07:59,+039:40:00,149,67.13305555555554,39.666666666666664
8063,AMDERMA,RU,+69:45:00,+061:42:00,53,69.75,61.7
8064,ANTIPAYUTA,RU,+69:04:59,+076:51:00,2,69.08305555555555,76.85
8065,DUDINKA,RU,+69:24:00,+086:10:00,14,69.4,86.16666666666667
8067,MY'S KONSTANTINOVSKIJ,RU,+68:33:00,+055:30:00,5,68.55,55.5
8068,ELEсKAYA,RU,+67:03:00,+064:04:00,113,67.05,64.06666666666666
8069,TAZOVSK,RU,+67:28:00,+078:43:59,26,67.46666666666667,78.73305555555555
8070,IGARKA,RU,+67:28:00,+086:34:00,20,67.46666666666667,86.56666666666666
8071,RA-IZ,RU,+66:54:00,+065:40:00,895,66.9,65.66666666666667
8072,NY'DA,RU,+66:37:59,+072:55:59,5,66.63305555555554,72.93305555555555
8073,SIDOROVSK,RU,+66:35:59,+082:18:00,34,66.59972222222221,82.3
8074,AGATA,RU,+66:52:59,+093:28:00,277,66.88305555555554,93.46666666666667
8094,DEPUTATSKIJ,RU,+69:19:59,+139:40:00,282,69.33305555555555,139.66666666666666
8095,ESSEJ,RU,+68:28:00,+102:22:00,272,68.46666666666667,102.36666666666666
8096,SUXANA,RU,+68:37:00,+118:19:59,78,68.61666666666666,118.33305555555555
8097,DZHARDZHAN,RU,+68:43:59,+124:00:00,38,68.73305555555555,124.0
8099,UST'-CHARKY',RU,+66:48:00,+136:40:59,274,66.8,136.68305555555554
8128,BUXTA AMBARCHIK,RU,+69:37:00,+162:18:00,24,69.61666666666666,162.3
8129,OSTROV AJON,RU,+69:55:59,+167:58:59,13,69.93305555555555,167.98305555555555
8130,MY'S BILLINGS,RU,+69:52:59,+175:46:00,2,69.88305555555554,175.76666666666668
8132,OSTROVNOE,RU,+68:07:00,+164:10:00,98,68.11666666666666,164.16666666666666
8133,SREDNEKOLY'MSK,RU,+67:27:00,+153:43:00,20,67.45,153.71666666666667
8134,ILIRNEJ,RU,+67:15:00,+167:58:00,352,67.25,167.96666666666667
8135,MY'S VANKAREM,RU,+67:49:59,+184:10:00,3,67.83305555555555,184.16666666666666
8138,AMGUE'MA,RU,+67:01:00,+181:04:00,139,67.01666666666667,181.06666666666666
8350,DZHALINDA,RU,+70:07:59,+113:58:00,61,70.13305555555554,113.96666666666667
11095,NARVIK-FAGERNESFJELLET,NO,+68:25:15,+017:28:49,1000,68.42083333333333,17.480277777777776
11096,SORTLAND-KLEIVA,NO,+68:38:53,+015:16:58,14,68.64805555555556,15.28277777777778
11123,NORDFJORDNES,NO,+66:34:00,+013:28:59,14,66.56666666666666,13.483055555555556
11124,MYKEN,NO,+66:45:38,+012:28:39,19,66.76055555555556,12.477500000000001
11125,BEIARN,NO,+67:00:00,+014:34:59,5,67.0,14.583055555555555
11126,GRADDIS FJELLSTUE,NO,+66:45:00,+015:45:00,429,66.75,15.75
11127,HELLIGVAER,NO,+67:25:32,+013:55:28,14,67.42555555555556,13.924444444444443
11128,SORFOLD,NO,+67:32:03,+015:28:21,21,67.53416666666666,15.4725
11129,GROTOY,NO,+67:49:59,+014:46:59,6,67.83305555555555,14.783055555555556
11130,KRAKMO,NO,+67:47:35,+015:59:13,76,67.79305555555555,15.986944444444443
11131,DRAG I TYSFJORD,NO,+68:02:47,+016:02:02,60,68.04638888888888,16.03388888888889
11132,SKJOMEN,NO,+68:10:59,+017:33:00,56,68.18305555555555,17.55
11133,ANKENES,NO,+68:22:31,+017:24:48,249,68.37527777777777,17.41333333333333
11134,NARVIK II,NO,+68:28:08,+017:29:31,32,68.46888888888888,17.491944444444446
11135,KANSTADBOTN III,NO,+68:30:00,+015:52:59,9,68.5,15.883055555555556
11136,GLAPEN FYR,NO,+67:52:59,+013:03:00,31,67.88305555555554,13.05
11137,SKOMVAER FYR,NO,+67:24:37,+011:52:23,18,67.41027777777778,11.873055555555556
11138,KVALNES I LOFOTEN,NO,+68:20:33,+013:57:52,10,68.3425,13.964444444444444
11139,SIGERFJORD II,NO,+68:37:00,+015:36:00,9,68.61666666666666,15.6
11140,ANDENES,NO,+69:19:24,+016:07:12,5,69.32333333333332,16.12
16315,CAPE BARANOVA,RU,+79:16:12,+101:45:00,-999,79.27,101.75
18011,NORDNESFJELLET,NO,+69:34:26,+020:25:31,697,69.57388888888889,20.42527777777778
18012,MAZE - RUOGONJARGA,NO,+69:27:20,+023:41:40,277,69.45555555555556,23.694444444444446
18020,TROMSO - HOLT,NO,+69:39:14,+018:54:33,20,69.6538888888889,18.909166666666664
18022,PASVIK - SVANVIK,NO,+69:27:19,+030:02:27,27,69.45527777777778,30.040833333333335
18024,GAMANJUNNI,NO,+69:27:29,+020:37:08,1237,69.45805555555556,20.61888888888889
18034,TORVHAUGDALEN,NO,+70:18:21,+029:06:01,268,70.30583333333333,29.10027777777778
18041,PLATABERGET III,NO,+78:13:40,+015:22:41,450,78.22777777777777,15.378055555555555
18046,MYKEN,NO,+66:45:46,+012:29:09,17,66.76277777777777,12.485833333333332
18048,REINHAUGEN,NO,+70:20:08,+028:57:52,470,70.33555555555554,28.964444444444442
18058,ISKORAS II,NO,+69:18:01,+025:20:45,591,69.30027777777778,25.34583333333333
18060,SJUFJELLET,NO,+69:06:09,+019:32:39,1020,69.10249999999999,19.54416666666667
18062,ANSTADBLAHEIA,NO,+68:43:05,+015:18:39,500,68.71805555555555,15.310833333333335
18063,LOSISTUA,NO,+68:11:26,+017:47:26,740,68.19055555555556,17.790555555555557
18070,BERGEBYDALEN,NO,+70:13:36,+028:57:23,150,70.22666666666667,28.95638888888889
18072,VALNESFJORD,NO,+67:16:35,+015:06:06,20,67.27638888888889,15.101666666666667
18079,REIPA,NO,+66:54:12,+013:38:45,9,66.90333333333334,13.645833333333332
18083,BIRTAVARRE - HOLMEN,NO,+69:28:49,+020:52:09,20,69.48027777777779,20.86916666666667
18088,ROEST LUFTHAVN,NO,+67:31:36,+012:06:14,4,67.52666666666667,12.10388888888889
18091,SORTLAND,NO,+68:42:11,+015:24:56,3,68.70305555555557,15.415555555555557
18099,PYRAMIDEN,NO,+78:39:20,+016:21:37,20,78.65555555555557,16.360277777777778
18101,STAKKEVOLLAN,NO,+69:41:39,+018:58:54,80,69.69416666666667,18.981666666666666
18103,HORNSUND,NO,+77:00:06,+015:32:08,10,77.00166666666667,15.535555555555556
18108,TANA BRU,NO,+70:12:43,+028:09:32,32,70.21194444444444,28.15888888888889
18110,SANDHORNOEYA - VATVIKFJELLET,NO,+67:05:35,+014:09:59,600,67.09305555555555,14.16638888888889
18112,LENANGSSTRAUMEN,NO,+69:53:29,+020:08:18,45,69.8913888888889,20.138333333333332
18115,HASVIK LUFTHAVN,NO,+70:29:11,+022:08:44,6,70.4863888888889,22.145555555555553
18123,TROMSDALEN,NO,+69:39:02,+019:00:23,3,69.65055555555556,19.00638888888889
18129,BATSFJORD - STRAUMSNESAKSLA,NO,+70:36:10,+029:42:00,152,70.60277777777777,29.7
18131,SKIBOTN II,NO,+69:23:15,+020:16:55,20,69.3875,20.281944444444445
18135,LYNGEN - GJERDELVDALEN,NO,+69:33:34,+020:09:06,670,69.55944444444444,20.151666666666664
18140,ROTVAER,NO,+68:22:05,+015:56:35,8,68.36805555555554,15.943055555555556
18145,ADVENTDALEN,NO,+78:12:07,+015:49:51,15,78.20194444444445,15.830833333333333
18148,MALANGEN - PALFINNMOEN,NO,+69:24:50,+018:40:37,124,69.41388888888889,18.676944444444445
18151,MANNDALEN - VADDJA,NO,+69:28:19,+020:31:36,72,69.47194444444445,20.526666666666667
18160,VERLEGENHUKEN,NO,+80:03:33,+016:15:00,8,80.05916666666667,16.25
18165,ROGNSUNDET,NO,+70:24:38,+022:49:04,18,70.41055555555556,22.817777777777778
18173,TAMOKDALEN,NO,+69:05:36,+019:37:40,230,69.09333333333333,19.62777777777778
18175,OEKSFJORD - DEALLJA,NO,+70:10:22,+022:20:29,560,70.17277777777778,22.341388888888886
18181,SVEAGRUVA II,NO,+77:54:06,+016:42:43,50,77.90166666666667,16.711944444444445
18182,EDGEOEYA - KAPP HEUGLIN,NO,+78:15:02,+022:49:21,14,78.25055555555555,22.822499999999998
18188,NUVSVAG,NO,+70:14:12,+022:04:14,27,70.23666666666666,22.070555555555554
18190,HASVIK - SLUSKFJELLET,NO,+70:36:24,+022:26:34,438,70.60666666666665,22.442777777777778
18193,KVALOEYSLETTA,NO,+69:41:56,+018:52:37,63,69.69888888888889,18.876944444444444
18198,RIHPOJAVRI,NO,+69:13:24,+020:34:45,502,69.22333333333333,20.579166666666666
18201,KIRKENES LUFTHAVN,NO,+69:43:32,+029:53:52,89,69.72555555555556,29.897777777777776
18202,AKSELOEYA,NO,+77:41:25,+014:45:47,20,77.69027777777778,14.763055555555555
18203,NARVIK SENTRUM,NO,+68:26:13,+017:25:15,31,68.43694444444445,17.420833333333334
18212,KVITOEYA,NO,+80:06:20,+031:27:51,10,80.10555555555555,31.464166666666667
18214,FAKKEN,NO,+70:06:15,+020:06:51,57,70.10416666666666,20.11416666666667
18223,ARNOEYA - TROLLTINDEN,NO,+70:04:30,+020:25:51,850,70.075,20.430833333333336
18228,HELLIGVAER II,NO,+67:24:16,+013:53:44,24,67.40444444444445,13.895555555555555
18235,ANDOEYA - TROLLTINDEN,NO,+69:14:29,+016:00:11,436,69.24138888888889,16.003055555555555
18236,VARDOE LUFTHAVN,NO,+70:21:15,+031:02:38,12,70.35416666666666,31.04388888888889
18238,SALTDAL - NORDNES,NO,+66:56:12,+015:18:56,39,66.93666666666667,15.315555555555557
18239,VAEROEY HELIPORT,NO,+67:39:10,+012:43:22,4,67.65277777777779,12.722777777777777
18242,BANAK,NO,+70:03:36,+024:59:24,5,70.06,24.990000000000002
18244,SETSA,NO,+67:09:56,+015:29:08,7,67.16555555555556,15.485555555555555
18251,DIVIDALEN II,NO,+68:46:54,+019:42:06,204,68.78166666666667,19.701666666666664
18253,NYRUD,NO,+69:08:48,+029:14:38,56,69.14666666666668,29.24388888888889
18254,KATTERAT,NO,+68:23:57,+017:57:57,365,68.39916666666667,17.965833333333332
18258,KARL XII-OEYA,NO,+80:39:11,+025:00:29,5,80.65305555555557,25.008055555555554
18260,KONGSOEYA,NO,+78:54:38,+028:53:30,20,78.91055555555556,28.891666666666666
18262,BOE I VESTERALEN III,NO,+68:36:24,+014:25:59,8,68.60666666666665,14.433055555555555
18265,KANSTADBOTN,NO,+68:31:01,+015:52:36,6,68.51694444444445,15.876666666666667
18269,LOEKVOLLEN,NO,+69:32:30,+020:33:02,14,69.54166666666667,20.550555555555555
18272,LANGFJORDJOEKELEN,NO,+70:07:22,+021:43:19,915,70.12277777777777,21.721944444444443
18274,SAETERTINDEN VED TJELDSUNDET,NO,+68:35:11,+016:21:38,1095,68.58638888888889,16.360555555555557
18280,KISTEFJELL,NO,+69:17:22,+018:07:44,982,69.28944444444444,18.128888888888888
18290,STRAUMSNES,NO,+68:25:54,+017:39:42,200,68.43166666666667,17.661666666666665
18291,LYNGEN - GJERDVASSBU,NO,+69:33:32,+020:05:38,710,69.55888888888889,20.093888888888888
18294,SOERKAPPOEYA,NO,+76:28:40,+016:32:56,10,76.47777777777777,16.54888888888889
18295,HARSTAD STADION,NO,+68:48:10,+016:32:13,45,68.80277777777778,16.536944444444448
18296,GLOMFJORD - SKIHYTTA,NO,+66:49:39,+013:56:53,520,66.8275,13.948055555555555
18297,MORTENHALSSKOLTEN,NO,+69:25:22,+018:37:14,740,69.42277777777778,18.620555555555555
18304,LOENSDAL STASJON,NO,+66:44:36,+015:27:46,520,66.74333333333334,15.462777777777777
18312,MASVIK,NO,+69:59:25,+018:41:38,26,69.99027777777778,18.69388888888889
18317,BJOERNFJELL,NO,+68:25:55,+018:04:36,512,68.43194444444445,18.076666666666668
18323,SISOVATNET,NO,+67:20:00,+015:49:41,665,67.33333333333333,15.828055555555554
18340,E6 HEIA,NO,+69:08:40,+019:03:01,230,69.14444444444445,19.05027777777778
18353,BODOE - SKIVIKA,NO,+67:18:29,+014:25:50,5,67.30805555555555,14.430555555555555
18355,E75 KOMAGVAER,NO,+70:14:43,+030:31:49,25,70.24527777777777,30.530277777777776
18359,E6 GANDVIKBAKKEN,NO,+70:01:40,+029:07:49,84,70.02777777777777,29.130277777777778
18364,GLOMFJORD - TVERRFJELLET,NO,+66:49:49,+013:54:24,930,66.83027777777778,13.906666666666666
18367,E69 NORDKAPP,NO,+71:09:27,+025:46:27,296,71.1575,25.774166666666666
18372,E6 GRATANGSFJELLET,NO,+68:40:31,+017:54:19,344,68.67527777777778,17.905277777777776
18375,FV863 GAMNES,NO,+69:54:11,+019:28:24,8,69.90305555555557,19.473333333333333
18376,FV98 IFJORDFJELLET,NO,+70:25:38,+027:35:29,357,70.42722222222223,27.591388888888886
18386,FV890 GEDNJE,NO,+70:31:45,+029:05:30,225,70.52916666666667,29.091666666666665
18387,E10 GIMSOEYSTRAUMEN BRU,NO,+68:15:46,+014:14:58,20,68.26277777777777,14.249444444444444
18398,FV86 ANDSVANNET,NO,+69:05:30,+018:17:49,170,69.09166666666667,18.296944444444446
18412,RV80 HUNSTAD,NO,+67:16:41,+014:31:01,25,67.27805555555555,14.516944444444444
18419,RV80 NORDVIKA,NO,+67:19:51,+015:09:42,5,67.33083333333333,15.161666666666667
18425,E8 SANDVIKEIDET,NO,+69:32:47,+019:00:30,80,69.54638888888888,19.008333333333333
18437,E10 BJOERNFJELL,NO,+68:26:09,+018:06:12,499,68.43583333333333,18.103333333333335
18439,GOLIAT FPSO,NO,+71:18:39,+022:15:00,46,71.31083333333333,22.25
18445,FV866 SKATTOERSUND,NO,+70:00:11,+020:53:54,25,70.00305555555556,20.898333333333333
18451,E6 KRAKMOFJELLET,NO,+67:44:47,+015:54:51,326,67.74638888888889,15.914166666666667
18460,FV915 BOE,NO,+68:46:51,+014:29:22,8,68.78083333333333,14.489444444444443
18470,E10 TROLLVIKDAL,NO,+68:31:48,+017:25:32,170,68.53,17.425555555555558
18473,FV889 SELVIKHOEYDEN,NO,+70:56:07,+024:40:17,127,70.93527777777778,24.67138888888889
18474,E6 NORDNES,NO,+69:35:05,+020:23:56,18,69.58472222222221,20.398888888888887
18476,E6 OESE,NO,+68:37:14,+017:39:05,280,68.62055555555555,17.65138888888889
18477,FV812 HOGNDALEN,NO,+67:12:12,+014:49:06,93,67.20333333333333,14.818333333333333
18481,FV17 TORSVIKA,NO,+66:52:53,+013:40:03,10,66.88138888888888,13.667499999999999
18488,E6 SKJELLESVIKSKARET,NO,+68:15:23,+016:23:43,252,68.25638888888889,16.39527777777778
18491,FV862 SENJAHOPEN,NO,+69:29:56,+017:30:39,20,69.49888888888889,17.510833333333334
18496,E8 BOSSOVARRI,NO,+69:07:06,+020:44:44,545,69.11833333333333,20.745555555555555
18501,E6 HALOGALANDSBRUA,NO,+68:28:05,+017:28:54,44,68.46805555555555,17.481666666666666
18512,FV472 SANDHORNOEYA,NO,+67:05:00,+014:12:27,62,67.08333333333333,14.2075
18536,E6 LANGFJORDBOTN,NO,+70:02:22,+022:15:25,40,70.03944444444444,22.256944444444443
18539,RV85 LANGVASSBUKT,NO,+68:37:04,+015:45:33,30,68.61777777777777,15.759166666666667
18545,RV80 BERTNES,NO,+67:17:16,+014:35:35,30,67.28777777777778,14.593055555555557
18546,E8 GARDEBORGBAKKEN,NO,+69:10:54,+020:45:01,408,69.18166666666667,20.75027777777778
18549,E6 DJUPVIK,NO,+69:45:12,+020:30:21,55,69.75333333333333,20.50583333333333
18551,E10 KAKERNBRUA,NO,+68:01:06,+013:10:49,20,68.01833333333333,13.180277777777777
18558,FV835 ENGELOEYBRUA,NO,+67:54:10,+015:10:58,20,67.90277777777779,15.182777777777778
18562,E8 LAVANGSDALEN,NO,+69:26:02,+019:15:38,69,69.43388888888889,19.260555555555555
18569,RV94 SKJAHOLMEN,NO,+70:32:44,+023:43:49,25,70.54555555555555,23.730277777777776
18611,E10 SKITDALSHOEGDA,NO,+68:30:57,+017:52:20,400,68.51583333333333,17.872222222222224
18619,E10 TJELDSUND BRU,NO,+68:37:40,+016:34:59,20,68.62777777777777,16.583055555555557
18622,FV82 KJOELHAGEN,NO,+69:16:15,+016:02:25,45,69.27083333333333,16.040277777777778
18631,E6 KVAENANGSFJELLET,NO,+69:53:52,+021:36:25,390,69.89777777777779,21.606944444444444
18632,FV848 FORNES,NO,+68:52:10,+017:28:44,8,68.86944444444444,17.478888888888886
18635,FV888 STORE REINOKSEVATN,NO,+70:43:40,+027:29:48,338,70.72777777777777,27.496666666666666
18645,E6 KIRKENES SYD,NO,+69:41:13,+030:00:18,60,69.68694444444445,30.005
18650,E8 GALGO,NO,+69:08:48,+020:44:48,510,69.14666666666668,20.746666666666666
18654,FV866 MAURSUND,NO,+69:56:12,+020:54:50,5,69.93666666666667,20.913888888888888
18659,ENGABREEN - SKJAERET,NO,+66:38:35,+013:55:46,1362,66.64305555555556,13.929444444444444
18680,FV84 GUMPEN,NO,+69:04:18,+017:57:47,175,69.07166666666666,17.963055555555556
18694,E8 HALSEBAKKAN NEDRE,NO,+69:17:07,+020:27:56,148,69.28527777777778,20.465555555555554
18695,E10 AKKARVIKA,NO,+67:57:46,+013:09:15,54,67.96277777777777,13.154166666666667
18700,E6 TUSSVIKA,NO,+67:13:23,+015:24:45,90,67.22305555555556,15.4125
18706,FV91 BREIVIKEIDET,NO,+69:39:21,+019:34:04,20,69.65583333333333,19.567777777777778
18713,FV347 ARNOEYA,NO,+70:03:57,+020:33:52,30,70.06583333333333,20.564444444444444
18718,E6 SENNALANDET,NO,+70:10:50,+023:56:29,339,70.18055555555556,23.941388888888888
18721,RV77 GRADDIS,NO,+66:45:09,+015:49:22,601,66.7525,15.822777777777777
18722,E6 SKJOMENBRUA,NO,+68:22:15,+017:14:38,30,68.37083333333332,17.24388888888889
18725,E6 BARTA,NO,+69:45:23,+026:08:44,120,69.75638888888889,26.145555555555553
18726,E69 VEDBOTN,NO,+70:46:35,+025:37:46,10,70.77638888888889,25.629444444444445
18729,BUGOEYFJORD,NO,+69:51:19,+029:25:42,8,69.85527777777777,29.428333333333335
18732,MESTERVIK,NO,+69:19:46,+018:53:20,12,69.32944444444443,18.88888888888889
18739,DRAG - AJLUOKTA,NO,+68:02:49,+016:05:02,19,68.04694444444445,16.083888888888886
18741,LEIRKJOSEN,NO,+69:33:06,+017:54:46,9,69.55166666666666,17.912777777777777
18743,OTEREN,NO,+69:15:21,+019:52:35,12,69.25583333333333,19.87638888888889
18744,HELNES FYR,NO,+71:03:41,+026:13:17,33,71.06138888888889,26.22138888888889
18749,BOE I VESTERALEN II,NO,+68:37:55,+014:27:47,12,68.63194444444444,14.463055555555554
18754,BRENNELV,NO,+70:04:00,+025:07:00,35,70.06666666666666,25.116666666666667
18757,KAPP LEE,SJ,+78:06:00,+020:55:00,5,78.1,20.916666666666668
18763,SOMMAROEY I SENJA,NO,+69:37:59,+018:00:38,2,69.63305555555554,18.010555555555555
18764,SANDSOEY I SENJA,NO,+68:56:40,+016:39:18,17,68.94444444444444,16.654999999999998
18766,SKJOMEN - SLETTJORD,NO,+68:17:17,+017:18:35,6,68.28805555555556,17.309722222222224
18770,PASVIK,NO,+69:09:52,+029:14:44,54,69.16444444444446,29.245555555555555
18775,KOBBELV,NO,+67:35:31,+015:53:22,7,67.59194444444444,15.889444444444443
18777,BARENTSBURG,SJ,+78:03:16,+014:13:30,40,78.05444444444444,14.225
18788,ALTA,NO,+69:58:00,+023:15:00,4,69.96666666666667,23.25
18790,KIRKENES LUFTHAVN,NO,+69:43:59,+029:54:00,89,69.73305555555555,29.9
18791,KIRKENES LUFTHAVN - HOEYDE 212,NO,+69:42:35,+029:52:09,212,69.70972222222223,29.86916666666667
18805,HAMMERFEST RADIO,NO,+70:40:37,+023:39:47,69,70.67694444444444,23.663055555555555
18826,FAUSKE - ERIKSTAD,NO,+67:15:00,+015:22:00,14,67.25,15.366666666666667
18840,ROEST II,NO,+67:30:23,+012:04:33,10,67.50638888888889,12.075833333333334
18846,KISTRAND II,NO,+70:26:49,+025:12:55,14,70.44694444444445,25.21527777777778
18847,LEVAJOK - EVJEN,NO,+69:54:01,+026:24:15,112,69.90027777777779,26.404166666666665
18849,NORDREISA - OEYENG,NO,+69:44:48,+021:01:36,5,69.74666666666667,21.026666666666667
18862,LYNGSEIDET IV,NO,+69:34:00,+020:13:59,3,69.56666666666666,20.233055555555556
18865,SKIBOTN,NO,+69:22:40,+020:18:09,46,69.37777777777777,20.302500000000002
18873,OFFERSOEY II,NO,+68:18:41,+015:38:29,20,68.31138888888889,15.641388888888889
18875,SANDSOEY I SENJA III,NO,+68:56:31,+016:40:37,45,68.94194444444445,16.676944444444445
18884,BOE I VESTERALEN,NO,+68:37:13,+014:27:02,7,68.62027777777777,14.450555555555555
18889,STABBURSDALEN,NO,+70:03:00,+024:58:14,26,70.05,24.970555555555553
18900,BUGOEYFJORD KRO,NO,+69:51:29,+029:22:00,5,69.85805555555555,29.366666666666667
18903,BODOE LUFTHAVN TEST,NO,+67:16:01,+014:21:32,11,67.26694444444445,14.358888888888888
18907,FINNOEY I HAMAROEY,NO,+68:00:02,+015:36:34,53,68.00055555555555,15.609444444444444
18909,LITLOEY FYR,NO,+68:35:35,+014:18:37,30,68.59305555555555,14.31027777777778
18911,TENNEVOLL,NO,+68:43:59,+017:48:00,22,68.73305555555555,17.8
18913,ALTA AERADIO,NO,+69:58:17,+023:21:30,62,69.9713888888889,23.358333333333334
18914,NORDREISA,NO,+69:44:27,+021:01:24,1,69.74083333333333,21.023333333333333
18917,BJOERNEVATN,NO,+69:37:14,+030:00:25,180,69.62055555555555,30.006944444444443
18918,ALTA LUFTHAVN - TEST,NO,+69:58:59,+023:22:00,3,69.98305555555555,23.366666666666667
18924,AMI,NO,+71:30:00,+019:00:00,0,71.5,19.0
18929,GIBOSTAD,NO,+69:21:14,+018:04:30,12,69.35388888888889,18.075
18932,REBBENESOEY - GRAHAUGEN,NO,+69:59:58,+018:42:19,174,69.99944444444445,18.705277777777777
18933,BERLEVAG - BAKKETUN,NO,+70:52:03,+029:05:18,12,70.86749999999999,29.08833333333333
18938,NARVIK III,NO,+68:28:10,+017:29:53,17,68.46944444444445,17.498055555555556
18939,SENJA - LAUKHELLA,NO,+69:14:03,+017:54:02,9,69.23416666666667,17.900555555555552
18946,KARPBUKT II,NO,+69:39:51,+030:23:12,12,69.66416666666667,30.386666666666667
18947,HALVMANEOEYA,SJ,+77:19:00,+023:10:59,10,77.31666666666666,23.18305555555556
18949,SKIBOTN - FOSSBAKK,NO,+69:22:05,+020:16:05,5,69.36805555555554,20.268055555555556
18951,EKKEROEY,NO,+70:04:41,+030:05:48,6,70.07805555555555,30.096666666666664
18960,EVENSKJER,NO,+68:35:00,+016:34:09,7,68.58333333333333,16.569166666666668
18963,LEIRAMO,NO,+66:45:41,+014:34:24,217,66.76138888888889,14.573333333333332
18965,SKATTOERA,NO,+69:41:48,+019:01:14,14,69.69666666666667,19.020555555555553
18971,FLATNESET,NO,+69:25:27,+017:18:47,60,69.42416666666666,17.313055555555557
18972,OEVERBYGD,NO,+69:01:04,+019:16:49,78,69.01777777777778,19.280277777777776
18977,KISTRAND,NO,+70:26:40,+025:12:47,12,70.44444444444444,25.213055555555556
18979,TROMSOE I,NO,+69:39:06,+018:57:00,38,69.65166666666667,18.95
18984,FAUSKE - VETEN,NO,+67:14:16,+015:18:14,165,67.23777777777778,15.30388888888889
18989,ROEST III,NO,+67:31:30,+012:06:14,4,67.525,12.10388888888889
18996,SALTFJELL - STOEDI,NO,+66:34:11,+015:20:29,685,66.56972222222223,15.34138888888889
19000,SUNDSFJORD - TVERRLIA,NO,+66:58:00,+014:07:59,70,66.96666666666667,14.133055555555556
19001,ANDOEYA LH - TEST,NO,+69:15:47,+016:10:48,13,69.26305555555555,16.18
19003,LONGYEARBYEN,SJ,+78:13:21,+015:37:30,37,78.2225,15.625
19007,ROEST,NO,+67:30:21,+012:04:08,8,67.50583333333333,12.068888888888889
19008,KLETKOVFJELL,NO,+67:10:09,+015:01:48,820,67.16916666666667,15.030000000000001
19011,FUGLOEYKALVEN FYR,NO,+70:19:00,+020:09:18,37,70.31666666666666,20.154999999999998
19018,SANDSOEY I SENJA II,NO,+68:57:11,+016:39:23,14,68.95305555555557,16.656388888888888
19031,OFFERSOEY,NO,+68:19:37,+015:37:21,16,68.32694444444444,15.6225
19036,GREEN HARBOUR,SJ,+78:02:56,+014:14:53,4,78.04888888888888,14.248055555555554
19042,NORD-LENANGEN,NO,+69:54:42,+020:09:18,23,69.91166666666668,20.154999999999998
19045,SALTDAL,NO,+66:50:53,+015:18:51,81,66.84805555555555,15.314166666666667
19046,BARDUFOSS - TEST,NO,+69:03:32,+018:32:25,76,69.05888888888889,18.540277777777778
19049,SENJA - GRASMYRSKOGEN,NO,+69:17:38,+017:46:44,50,69.29388888888889,17.778888888888886
19053,BORKENES,NO,+68:46:18,+016:11:15,36,68.77166666666666,16.1875
19070,OEVRE SALTDAL,NO,+66:58:29,+015:18:10,26,66.97472222222223,15.302777777777779
19071,STENGELSE,NO,+69:52:00,+023:16:59,25,69.86666666666666,23.283055555555556
19072,LOPPA,NO,+70:20:04,+021:27:10,10,70.33444444444444,21.452777777777776
19079,FAUSKE,NO,+67:15:00,+015:22:59,14,67.25,15.383055555555556
19080,SVARTTANGEN,SJ,+77:31:44,+020:49:48,20,77.52888888888889,20.83
19081,KVESMENES - RYENG,NO,+69:15:29,+019:59:00,37,69.25805555555556,19.983333333333334
19083,MYGGBUKTA,GL,+73:29:38,-021:31:54,3,73.49388888888889,-20.468333333333334
19084,EIBY - BORKHUS,NO,+69:52:59,+023:12:00,35,69.88305555555554,23.2
19087,SULITJELMA GRUBER,NO,+67:07:59,+016:04:59,128,67.13305555555554,16.083055555555557
19092,TENNHOLMEN FYR,NO,+67:18:06,+013:29:56,14,67.30166666666666,13.498888888888889
19099,KISTRAND III,NO,+70:25:59,+025:10:59,43,70.43305555555555,25.18305555555556
19104,SKIBOTN - MELA,NO,+69:22:00,+020:16:59,8,69.36666666666666,20.283055555555556
19114,CROZIERPYNTEN,SJ,+79:55:06,+016:50:39,22,79.91833333333334,16.844166666666666
19122,EVENSKJER BAKKE,NO,+68:34:58,+016:34:14,10,68.58277777777778,16.570555555555554
19128,BEIARN - HAUGBAKK III,NO,+66:58:50,+014:47:33,57,66.98055555555555,14.7925
19132,HOLANDSFJORD - HALVKANNENESET,NO,+66:43:44,+013:47:35,4,66.72888888888889,13.793055555555556
19136,MAZE - RUOGOROAVVI,NO,+69:27:23,+023:41:06,316,69.4563888888889,23.685
19138,BEIARN - HAUGBAKK II,NO,+66:58:37,+014:47:12,7,66.97694444444444,14.786666666666667
19153,BJOELLADALEN,NO,+66:38:24,+015:04:36,595,66.64,15.076666666666666
19162,NY-ALESUND TEST,SJ,+78:55:23,+011:55:59,8,78.92305555555556,11.933055555555555
19164,FV813 BEIARFJELLET,NO,+67:00:15,+014:53:53,600,67.00416666666666,14.898055555555555
19173,BEIARN - HAUGBAKK IV,NO,+66:58:58,+014:47:40,81,66.98277777777778,14.794444444444444
19174,MAZE - BOJAROAVVI,NO,+69:26:12,+023:38:30,366,69.43666666666667,23.641666666666666
19177,STORGLOMVATNET,NO,+66:45:36,+014:11:30,543,66.76,14.191666666666666
19181,HOLANDSFJORD - SOMMARSET,NO,+66:42:42,+013:36:36,2,66.71166666666667,13.61
19188,TURELVA,NO,+70:01:36,+023:24:29,9,70.02666666666667,23.408055555555553
19192,TROMSOE PLU,NO,+69:39:12,+018:56:11,100,69.65333333333334,18.93638888888889
19194,AUSTRE BROEGGERBREEN,SJ,+78:53:36,+011:49:22,195,78.89333333333335,11.822777777777777
19197,RV92 SUOSSJAVRI,NO,+69:22:37,+024:12:06,324,69.37694444444443,24.201666666666664
19204,BEIARN - HAUGBAKK,NO,+66:58:45,+014:47:26,20,66.97916666666667,14.790555555555555
19212,SKAIDI,NO,+70:25:58,+024:30:29,62,70.43277777777779,24.508055555555554
19213,LAKSELV,NO,+70:03:03,+025:00:30,7,70.05083333333333,25.008333333333333
19220,KVALSUND,NO,+69:50:07,+019:00:29,13,69.83527777777778,19.008055555555554
19227,SOERFJORD KRAFTVERK,NO,+68:03:51,+016:39:47,3,68.06416666666667,16.663055555555555
19241,GORNITAK,NO,+70:10:33,+028:43:18,9,70.17583333333334,28.721666666666664
19242,MOLLESJOHKA,NO,+69:33:57,+024:23:27,382,69.56583333333333,24.390833333333333
19255,KARLSOEY,NO,+70:00:00,+019:55:00,60,70.0,19.916666666666668
19259,JERGOL,NO,+69:24:06,+024:39:23,230,69.40166666666667,24.656388888888888
19270,ALTA - FLATEN,NO,+69:57:34,+023:17:53,10,69.95944444444444,23.298055555555557
19271,GAMVIK II,NO,+71:03:51,+028:15:10,22,71.06416666666667,28.252777777777776
19272,LYNGEN - URA,NO,+69:35:09,+020:05:17,60,69.58583333333333,20.088055555555556
19276,PORSA,NO,+70:23:48,+023:37:19,27,70.39666666666668,23.621944444444445
19278,JUNKERDAL,NO,+66:48:03,+015:34:42,210,66.80083333333333,15.578333333333333
19284,KUNES,NO,+70:21:03,+026:31:36,22,70.35083333333333,26.526666666666667
19291,POLMAK II,NO,+70:04:09,+028:00:39,21,70.06916666666666,28.010833333333334
19296,BOERSELV,NO,+70:19:01,+025:32:49,10,70.31694444444445,25.546944444444446
19312,STYRKESNES,NO,+67:31:59,+015:28:00,54,67.53305555555555,15.466666666666667
19321,KONGSFJORD,NO,+70:35:53,+029:03:24,160,70.59805555555555,29.05666666666667
19325,LYFJORD,NO,+69:46:57,+018:45:47,8,69.7825,18.763055555555557
19326,KJERRINGOEY II,NO,+67:32:25,+014:51:38,12,67.54027777777777,14.860555555555555
19328,POLMAK TOLLSTED,NO,+70:04:23,+028:00:03,18,70.07305555555556,28.000833333333333
19335,FAUSKE - SVENNING,NO,+67:17:08,+015:27:07,48,67.28555555555555,15.451944444444443
19339,BASSEVUOVDDE,NO,+68:54:36,+025:38:56,210,68.91000000000001,25.648888888888887
19342,STORSTILLA,NO,+67:00:48,+015:58:31,564,67.01333333333334,15.975277777777778
19351,BUGOEYNES,NO,+69:58:00,+029:37:59,40,69.96666666666667,29.633055555555558
19355,HELLIGSKOGEN MILITAERLEIR,NO,+69:12:29,+020:42:00,330,69.20805555555556,20.7
19362,GJOEMMERVATNET,NO,+67:04:30,+014:53:04,404,67.075,14.884444444444444
19378,BIDJOVAGGE,NO,+69:16:27,+022:29:40,701,69.27416666666666,22.494444444444447
19379,OLDERFJORD,NO,+70:28:18,+025:04:36,50,70.47166666666666,25.076666666666668
19382,NATTVATN,NO,+69:38:18,+025:17:20,282,69.63833333333334,25.28888888888889
19384,MALSELV - GRUNDNES,NO,+69:16:13,+018:32:11,3,69.27027777777778,18.53638888888889
19386,HALSA I HELGELAND,NO,+66:44:34,+013:34:17,40,66.74277777777777,13.571388888888889
19390,HAKVIKA,NO,+68:24:24,+017:19:31,47,68.40666666666667,17.325277777777778
19402,HELLIGSKOGEN,NO,+69:09:34,+020:45:10,475,69.15944444444445,20.752777777777776
19406,OEVRE KARINGSVANN,NO,+68:27:00,+015:57:00,137,68.45,15.95
19417,REISADALEN - BJOERKLI,NO,+69:30:11,+021:27:41,98,69.50305555555556,21.461388888888887
19419,JOTKAJAVRE,NO,+69:45:15,+023:56:03,389,69.75416666666666,23.934166666666666
19423,BJOERNOEYA RADIOSONDESTASJON,SJ,+74:31:00,+019:01:00,18,74.51666666666667,19.016666666666666
19426,LEBESBY II,NO,+70:34:23,+027:00:07,8,70.57305555555556,27.001944444444444
19430,TROLLFJORD,NO,+68:21:43,+014:55:51,21,68.36194444444443,14.930833333333332
19440,ISKORASJOHKA,NO,+69:14:53,+025:41:39,153,69.24805555555555,25.694166666666668
19449,SKALLELV,NO,+70:11:18,+030:20:18,16,70.18833333333333,30.33833333333333
19478,SKJERVOEY - KOBBEPOLLEN,NO,+69:58:55,+020:55:49,5,69.98194444444445,20.93027777777778
19479,BERLEVAG II,NO,+70:52:05,+029:01:05,22,70.86805555555554,29.018055555555556
19490,JORGASTAK,NO,+69:09:42,+025:43:00,163,69.16166666666668,25.716666666666665
19504,GROVFJORD,NO,+68:39:23,+017:12:34,11,68.6563888888889,17.209444444444443
19506,PORT,NO,+69:45:37,+026:10:30,115,69.76027777777777,26.175
19510,VESTRE JAKOBSELV,NO,+70:06:30,+029:20:17,11,70.10833333333333,29.338055555555556
19517,TOEMMERNESET,NO,+67:53:30,+015:51:32,70,67.89166666666668,15.858888888888888
19519,SKAIDI II,NO,+70:26:29,+024:27:57,90,70.4413888888889,24.465833333333332
19521,EGGUM,NO,+68:18:32,+013:40:17,7,68.30888888888889,13.671388888888888
19543,BEIARN - NAUSTVOLD,NO,+67:01:33,+014:34:32,15,67.02583333333334,14.575555555555555
19545,BALVATN,NO,+66:59:08,+015:56:39,596,66.98555555555555,15.944166666666668
19553,KJERRINGOEY - STRANDA,NO,+67:32:35,+014:52:41,22,67.54305555555555,14.878055555555555
19554,FYGLE,NO,+68:08:49,+013:38:26,10,68.14694444444446,13.640555555555554
19556,ADAMSELV KRAFTVERK,NO,+70:24:07,+026:41:39,19,70.40194444444445,26.694166666666668
19558,SOERFJORDVATN,NO,+68:03:29,+016:39:14,61,68.05805555555555,16.653888888888886
19564,RINBOE,NO,+68:22:27,+015:45:25,6,68.37416666666665,15.756944444444445
19576,KJOEPSVIK,NO,+68:05:59,+016:22:00,38,68.09972222222221,16.366666666666667
19581,LANABUKT,NO,+69:44:36,+030:28:42,15,69.74333333333334,30.47833333333333
19584,KVAENANGSBOTN KRAFTSTASJON,NO,+69:43:15,+022:03:23,12,69.72083333333333,22.05638888888889
19593,OLDEREID KRAFTSTASJON,NO,+67:07:47,+014:57:23,11,67.12972222222221,14.956388888888888
19597,SULITJELMA - FURULUND,NO,+67:08:34,+016:01:14,169,67.14277777777778,16.020555555555553
19599,STORENG,NO,+70:00:26,+022:01:36,33,70.00722222222223,22.026666666666667
19603,BOERSELV II,NO,+70:18:46,+025:33:51,23,70.31277777777777,25.56416666666667
19609,TRANOEYBOTN II,NO,+69:12:14,+017:31:55,13,69.2038888888889,17.531944444444445
19618,VESTERELV,NO,+70:09:19,+028:34:42,14,70.15527777777778,28.578333333333333
19626,POLMAK,NO,+70:04:51,+027:58:45,30,70.08083333333333,27.979166666666664
19631,SKOGANVARRE II,NO,+69:50:13,+025:05:13,74,69.83694444444444,25.086944444444445
19634,BALMI,NO,+67:05:18,+016:03:23,418,67.08833333333332,16.05638888888889
19636,HESTNES I BALLANGEN II,NO,+68:18:30,+016:47:16,104,68.30833333333334,16.78777777777778
19641,SKJOMEN - STIBERG,NO,+68:12:27,+017:30:51,29,68.2075,17.514166666666668
19644,KANSTADBOTN IV,NO,+68:30:12,+015:53:00,26,68.50333333333333,15.883333333333333
19647,LAUPSTAD,NO,+68:21:38,+014:45:16,15,68.36055555555555,14.754444444444445
19653,SNEISA I LOEDINGEN,NO,+68:24:11,+015:44:07,7,68.40305555555557,15.735277777777776
19655,MANNDALEN,NO,+69:29:13,+020:31:41,55,69.48694444444445,20.528055555555554
19662,YTRE HOLMEBUKT,NO,+69:30:00,+019:42:47,25,69.5,19.713055555555556
19666,GRATANGEN III,NO,+68:41:35,+017:25:27,16,68.69305555555556,17.424166666666668
19674,LOEDINGEN - STRAND,NO,+68:28:21,+016:04:13,8,68.4725,16.07027777777778
19677,HAMMERFEST,NO,+70:39:29,+023:42:47,22,70.65805555555556,23.713055555555556
19682,KANSTADBOTN II,NO,+68:31:14,+015:52:59,45,68.52055555555556,15.883055555555556
19687,HARSTAD - SAMA,NO,+68:48:41,+016:32:15,43,68.81138888888889,16.5375
19702,REPPARFJORD LEIRSKOLE,NO,+70:27:00,+024:22:59,29,70.45,24.383055555555558
19703,KVANMO I BALLANGEN,NO,+68:15:00,+016:52:59,126,68.25,16.883055555555558
19714,BATSFJORD LUFTHAVN,NO,+70:36:59,+029:39:33,35,70.61638888888888,29.659166666666664
19717,ULLSFJORD II,NO,+69:36:20,+019:48:15,6,69.60555555555555,19.804166666666667
19722,LEVAJOK,NO,+69:54:32,+026:25:45,115,69.9088888888889,26.429166666666667
19723,BOERNUPVATN,NO,+67:05:58,+014:53:08,380,67.09944444444444,14.885555555555555
19725,KVALSUND - SIMAVIK,NO,+69:49:57,+019:00:52,10,69.8325,19.014444444444443
19732,OEVRE NEIDEN,NO,+69:40:54,+029:08:53,85,69.68166666666667,29.148055555555555
19735,SKIBOTN KRAFTVERK,NO,+69:18:54,+020:21:46,45,69.315,20.36277777777778
19745,YTTERSTAD,NO,+68:20:09,+015:40:18,8,68.33583333333333,15.671666666666667
19751,RAFTSUND - ULVOEY,NO,+68:21:59,+015:01:59,4,68.36638888888888,15.033055555555556
19769,BJOERNSUND,NO,+69:27:02,+030:04:09,28,69.45055555555555,30.069166666666668
19772,ROEYRVASSEID I SOERFOLD,NO,+67:18:48,+015:40:41,7,67.31333333333333,15.678055555555554
19781,SLETTELVA,NO,+69:42:15,+018:51:50,169,69.70416666666667,18.86388888888889
19784,POLMAK,NO,+70:04:42,+027:59:11,21,70.07833333333333,27.98638888888889
19785,GRUNNFARNES,NO,+69:18:02,+016:58:04,3,69.30055555555555,16.967777777777776
19788,GUOLASJAKKA KRAFTVERK,NO,+69:21:02,+021:04:53,50,69.35055555555554,21.08138888888889
19790,PUNTASTILLA,NO,+69:29:35,+021:27:36,98,69.49305555555556,21.46
19796,SOPNESBUKT,NO,+70:03:06,+022:19:27,8,70.05166666666666,22.324166666666667
19800,LYNGSEIDET III,NO,+69:34:00,+020:13:36,6,69.56666666666666,20.226666666666667
19802,KVAENANGSBOTN II,NO,+69:42:55,+022:07:42,65,69.71527777777779,22.128333333333334
19829,HELLIGSKOGEN FJELLSTUE,NO,+69:12:00,+020:42:29,337,69.2,20.708055555555553
19841,VEIDNES I LAKSEFJORD,NO,+70:39:38,+026:35:03,6,70.66055555555556,26.584166666666665
19851,BELVIKA,NO,+69:47:12,+018:45:51,10,69.78666666666666,18.764166666666668
19852,KJERRINGOEY,NO,+67:32:33,+014:52:23,21,67.5425,14.873055555555556
19862,BOTNHAMN,NO,+69:31:15,+017:55:03,6,69.52083333333333,17.9175
19867,GAMVIK - SKJANES,NO,+70:48:00,+028:05:57,15,70.8,28.099166666666665
19868,COARVE,NO,+66:59:39,+015:58:05,605,66.99416666666667,15.968055555555555
19875,VALJOK,NO,+69:41:32,+025:55:37,132,69.69222222222223,25.926944444444445
19876,STYRKESNES - HESTVIKA,NO,+67:31:32,+015:29:43,27,67.52555555555556,15.495277777777776
19879,ERVIK,NO,+68:49:41,+016:29:23,14,68.82805555555555,16.489722222222223
19884,TRANOEYBOTN - NYSTAD,NO,+69:12:29,+017:34:42,36,69.20805555555556,17.578333333333333
19892,BERLEVAG,NO,+70:51:06,+029:06:27,4,70.85166666666666,29.1075
19901,TRANOEY,NO,+69:08:39,+017:26:27,8,69.14416666666668,17.440833333333334
19919,LILAND,NO,+68:28:49,+016:53:08,19,68.48027777777779,16.885555555555555
19924,GULLESFJORD - EIDET,NO,+68:33:19,+015:47:47,19,68.55527777777777,15.796388888888888
19925,GANDVIK,NO,+70:00:39,+029:07:26,7,70.01083333333334,29.12388888888889
19928,MOEN I MALSELV,NO,+69:07:59,+018:37:00,11,69.13305555555554,18.616666666666667
19929,LANGFJORDBOTN,NO,+70:02:43,+022:17:12,21,70.04527777777777,22.28666666666667
19937,BOERSELV - HOEGBAKKEN,NO,+70:19:14,+025:32:48,13,70.32055555555556,25.546666666666667
19950,SKJERVOEY,NO,+70:01:59,+020:57:45,48,70.03305555555555,20.9625
19952,LEBESBY - KARLMYHR,NO,+70:34:53,+026:59:38,18,70.58138888888888,26.99388888888889
19953,HESTNES I BALLANGEN,NO,+68:18:18,+016:46:59,125,68.30499999999999,16.783055555555556
19969,ULLSFJORD,NO,+69:36:15,+019:48:51,10,69.60416666666666,19.81416666666667
19981,LYNGSEIDET - KARNES,NO,+69:32:36,+020:14:42,18,69.54333333333334,20.245
19983,HAMMERFEST BRANNSTASJON,NO,+70:40:46,+023:40:35,76,70.67944444444444,23.67638888888889
19995,SOERKLEIVDALEN,NO,+68:39:19,+015:36:24,91,68.65527777777778,15.606666666666666
19999,SKJERVOEY - SANDVAG,NO,+70:00:01,+021:01:58,8,70.00027777777778,21.032777777777778
20001,MISVAERDALEN - VESTVATN,NO,+67:04:00,+015:00:00,162,67.06666666666666,15.0
20004,BERLEVAG LUFTHAVN,NO,+70:52:00,+029:01:59,13,70.86666666666666,29.033055555555556
20005,SKJANES,NO,+70:32:57,+026:58:19,2,70.54916666666666,26.971944444444443
20007,ZIEGLEROEYA,SJ,+77:27:00,+022:25:00,7,77.45,22.416666666666668
20008,INGOEY II,NO,+71:05:00,+024:03:42,7,71.08333333333333,24.061666666666667
20011,STOETT,NO,+66:55:38,+013:26:20,12,66.92722222222223,13.43888888888889
20014,OKSFJORD,NO,+69:53:17,+021:26:12,45,69.88805555555557,21.436666666666667
20015,OLDERVIK,NO,+69:45:23,+019:39:52,17,69.75638888888889,19.66444444444444
20016,STEINFJORD,NO,+69:27:45,+017:21:00,5,69.4625,17.35
20017,ARNOEYHAMN,NO,+70:03:12,+020:37:53,10,70.05333333333333,20.63138888888889
20018,FINNFJORDEIDET,NO,+69:15:03,+018:10:19,26,69.25083333333333,18.171944444444446
20019,SOER-TVERRFJORD,NO,+70:13:15,+021:42:56,10,70.22083333333333,21.715555555555554
20020,SENJAHOPEN,NO,+69:30:00,+017:28:59,5,69.5,17.483055555555556
20021,GRYLLEFJORD,NO,+69:21:46,+017:03:05,25,69.36277777777777,17.05138888888889
20022,SJURSNES,NO,+69:36:06,+019:42:33,25,69.60166666666666,19.709166666666665
20023,SIFJORD,NO,+69:17:08,+017:08:56,10,69.28555555555555,17.148888888888887
20024,NORD-LENANGEN II,NO,+69:55:51,+020:11:48,10,69.93083333333334,20.196666666666665
20025,LYNGSEIDET V,NO,+69:34:24,+020:12:42,53,69.57333333333332,20.211666666666666
20026,DALE PA GRYTOEYA,NO,+68:56:22,+016:21:09,10,68.93944444444445,16.352500000000003
20027,HUSOEY,NO,+69:32:44,+017:40:17,10,69.54555555555555,17.67138888888889
20028,ARNOEYA - LANGFJORDEN,NO,+70:03:42,+020:33:36,12,70.06166666666667,20.560000000000002
20029,BREIVIKEIDET,NO,+69:38:12,+019:30:37,30,69.63666666666667,19.510277777777777
20030,SKJELFJORD,NO,+68:03:27,+013:14:45,13,68.05749999999999,13.245833333333332
20031,OLDERDALEN,NO,+69:36:11,+020:32:26,28,69.60305555555556,20.540555555555557
20032,RYDENG,NO,+69:14:25,+018:21:01,25,69.24027777777778,18.35027777777778
20033,YSTNES,NO,+70:15:15,+022:21:19,10,70.25416666666666,22.35527777777778
20034,MANNDALEN II,NO,+69:31:14,+020:32:22,60,69.52055555555556,20.539444444444445
20035,FJORDGARD,NO,+69:30:34,+017:37:39,45,69.50944444444444,17.6275
20036,SKARDALEN,NO,+69:31:00,+020:37:58,6,69.51666666666667,20.63277777777778
20037,BERGSBOTN,NO,+69:26:30,+017:25:19,90,69.44166666666668,17.421944444444446
20038,HONNINGSVAG,NO,+70:59:38,+025:58:58,15,70.99388888888889,25.982777777777777
20039,SETERMOEN BRANNSTASJON,NO,+68:51:37,+018:21:15,110,68.86027777777777,18.354166666666668
20040,HAMMERFEST II,NO,+70:40:42,+023:40:35,25,70.67833333333334,23.67638888888889
20041,HAVOEYSUND,NO,+70:59:48,+024:39:52,40,70.99666666666667,24.66444444444444
20042,VANNVAG,NO,+70:04:17,+019:58:48,7,70.07138888888889,19.979999999999997
20043,STORJORDA I MALSELV,NO,+69:12:51,+018:40:53,77,69.21416666666667,18.68138888888889
20044,HORNSUND,SJ,+77:00:00,+015:34:12,10,77.0,15.57
20048,INGOEY,NO,+71:04:00,+024:09:00,4,71.06666666666666,24.15
20051,SULITJELMA - FAGERLI,NO,+67:07:09,+016:04:46,163,67.11916666666666,16.079444444444444
20056,REINDALSPASSET,NO,+78:03:52,+017:02:39,181,78.06444444444445,17.04416666666667
20059,JANSSONHAUGEN VEST,NO,+78:10:48,+016:24:36,250,78.18,16.41
20065,AASTA HANSTEEN,NO,+67:16:28,+007:39:15,52,67.27444444444444,7.654166666666667
20321,OEVRE LEIRBOTN,NO,+70:07:41,+023:37:00,190,70.12805555555555,23.616666666666667
20327,OEVERBYGD II,NO,+69:01:19,+019:21:12,85,69.02194444444444,19.353333333333335
20346,YANISKOSKI,RU,+68:58:14,+028:46:51,98,68.97055555555556,28.780833333333334
20351,SALLA KK MYLLYTIE,FI,+66:50:03,+028:40:27,215,66.83416666666666,28.674166666666668
20352,INARI NELLIM,FI,+68:50:57,+028:17:57,121,68.84916666666666,28.299166666666668
20353,SAITTAROVA D,SE,+67:20:03,+022:14:35,240,67.33416666666666,22.243055555555557
20358,TARENDO D,SE,+67:09:57,+022:37:42,165,67.16583333333334,22.628333333333334
20359,KVIKKJOKK-ARRENJARKA,SE,+66:52:59,+018:01:21,314,66.88305555555554,18.022499999999997
20360,ENONTEKIO KILPISJARVI,FI,+69:02:57,+020:47:27,480,69.04916666666666,20.790833333333335
20362,SKROVEN D,SE,+66:46:32,+021:50:39,150,66.77555555555556,21.844166666666666
20373,UTSJOKI KEVO,FI,+69:45:23,+027:00:24,107,69.75638888888889,27.006666666666668
20377,KANGOS D,SE,+67:29:43,+022:39:52,230,67.49527777777777,22.66444444444444
20390,BJORKUDDEN,SE,+67:23:44,+018:42:56,376,67.39555555555556,18.715555555555554
20394,PAHAROVA,SE,+66:48:38,+022:20:11,228,66.81055555555555,22.336388888888887
20396,SADJEM D,SE,+66:57:41,+021:13:57,355,66.96138888888889,21.232499999999998
20419,INARI IVALO AIRPORT,FI,+68:36:28,+027:24:50,147,68.60777777777777,27.413888888888888
20659,BALLSTAD,NO,+68:04:06,+013:32:03,13,68.06833333333333,13.534166666666666
20660,GAMANJUNNI - 1100MOH,NO,+69:28:50,+020:34:12,1100,69.48055555555555,20.57
20661,ARVIKSAND,NO,+70:11:48,+020:31:49,25,70.19666666666667,20.530277777777776
